index,mean_x,mean_y,mean_z,std_x,std_y,std_z,label,file_id
0,0.2014179647399999,0.3024355441199999,0.8679660831,0.2301098495678776,0.0709273876617151,0.1738737357470439,1,2532
1,0.8971794151000002,0.3932202057,0.2057844802299999,0.1904284547976055,0.0989452843061139,0.1963432178034438,1,2532
2,0.4002965764,0.3706850078,0.7911517207000002,0.1039149647142645,0.0231487587639895,0.08001299827223,1,2532
3,0.3559096393,0.3418721473000001,0.8375301968,0.0314396854626131,0.0249597824939734,0.021302492725312,1,2532
4,0.3342651168000001,0.332214206,0.8510572449,0.0279200056929117,0.0142179452792097,0.0170024921011735,1,2532
5,0.4109619931,0.3312484115000002,0.8193330843,0.0565193847555749,0.0210930932496868,0.0397035036761772,1,2532
6,0.6794794838999999,0.2887534550999999,0.5314000358100001,0.2420664211371835,0.0373364255608042,0.3293657762144111,1,2532
7,0.7186905685999999,0.2493168499499999,0.28163260593,0.1851130932263004,0.0957054735011341,0.5574169529031275,1,2532
8,0.8027591258000001,0.4616306253,0.02912756473,0.2803590180776989,0.1357671225331136,0.4243089825520323,1,2532
9,0.5293794589999999,0.7450912393000002,-0.4174263357000001,0.0629771013232064,0.04466295344411,0.0871785174761318,1,2532
10,0.5309478936,0.8333004331999999,-0.1741003469449999,0.0498411733085305,0.0445338357254554,0.0892859446980166,1,2532
11,0.5340847655999998,0.8283105007,-0.1306205175,0.0151943521274489,0.014592202801136,0.0172472258951647,1,2532
12,0.5138518744999999,0.8426364442,-0.1161272454,0.0419070586372043,0.051538222516063,0.084795821841135,1,2532
13,0.6490516867999999,0.6879484029999999,-0.3188720719,0.0244206103506393,0.0373504445261814,0.0406398802684774,1,2532
14,0.6147027919999999,0.7619926535,-0.2336838070999999,0.0099434720131094,0.0148129498434916,0.0147592318785447,1,2532
15,0.6170554439999999,0.7491153972000001,-0.2565509873999999,0.0067322886658,0.0067559836445239,0.0075913302399703,1,2532
16,0.6134480319999999,0.7483105704999998,-0.2576782427999999,0.0078675076898259,0.0050618182997068,0.0071853804513471,1,2532
17,0.6256819082,0.7373648896999998,-0.2705611544,0.0119418099895495,0.0129936014967609,0.0112725480404043,1,2532
18,0.6412095004,0.7243266557999997,-0.2647638443999999,0.0075598437488059,0.0087956613481637,0.0076924480400437,1,2532
19,0.6418368755999999,0.7278679055999998,-0.2544575147999999,0.0074672394372621,0.0059308360572005,0.0041294950535534,1,2532
20,0.6393273694,0.7280288712999997,-0.255423731,0.0090223975708525,0.0189181918892116,0.0189652096204198,1,2532
21,0.6506201272,0.7338236474,-0.2079179832,0.0143611664597397,0.0256093039477289,0.0143634672259541,1,2532
22,0.6518748543999999,0.7294775645999999,-0.2190294958,0.003136874181835,0.005974801344339,0.0090562393570373,1,2532
23,0.652972763,0.7244876216999998,-0.2317513658,0.0034355698159774,0.0078106543954499,0.007666861405649,1,2532
24,0.6521885399999999,0.7294775645999998,-0.2319124021,1.1158161231197418e-16,0.0038419865209677,0.007610278629339,1,2532
25,0.6521885399999999,0.7291556327999998,-0.2336838017,1.1158161231197418e-16,0.00494941886408,0.0070844149384662,1,2532
26,0.6490516720000001,0.7296385304999998,-0.2389980038,0.006305341922953,0.0035258439719419,0.0068264477025846,1,2532
27,0.6490516719999999,0.7259363147999998,-0.2488212349999999,0.006305341922953,0.0072637610441207,0.0076188924356533,1,2532
28,0.6515611664,0.7248095534999998,-0.2483381253999999,0.0030889740730028,0.0077162623554263,0.0074853547521661,1,2532
29,0.6517180098,0.7248095535000002,-0.2484991619999999,0.0026890268916836,0.0077162623554263,0.007416801274439,1,2532
30,0.6528159196,0.7175660880000001,-0.2509147109999999,0.0038094107718552,0.0064710726586893,0.0057791249938799,1,2532
31,0.6532864533999999,0.7175660879999998,-0.2507536743999999,0.0045985015365443,0.0064710726586892,0.0059334410195512,1,2532
32,0.6518748579999999,0.7175660879999998,-0.2513978191999999,0.0049748464568637,0.0064710726586892,0.0097861039337428,1,2532
33,0.6543727250000001,0.7155020458000001,-0.2573743936999999,0.0082580337561384,0.0104084168616996,0.0143656580471895,1,2532
34,0.6710764060000003,0.6967587131999999,-0.2594776775999999,0.0098933690445665,0.010895632958805,0.0163105181423297,1,2532
35,0.6715469368000002,0.6983683810000001,-0.2551296990999999,0.0065299530937333,0.0022648698023294,0.0055572910124395,1,2532
36,0.6676258298000001,0.7049679665000003,-0.2551296982999999,0.0075450796766979,0.0100392709403703,0.0085319967987455,1,2532
37,0.6815849861999996,0.6869397955000001,-0.2560959138999999,0.0097223739503895,0.0111367812717346,0.0119054331191659,1,2532
38,0.6875450805999997,0.6856520678000001,-0.2485272038,0.0070918286459512,0.0114061270655311,0.0134440772408669,1,2532
39,0.6887998399999999,0.6842033797999999,-0.2527141507,0.0096865341540228,0.0160183511293252,0.0253765621974748,1,2532
40,0.7680062089999998,0.5066581680999999,-0.3979689718,0.0234504628963362,0.0469929761878492,0.0155205055592092,1,2532
41,0.7840043166000001,0.5097165130000001,-0.3573878074,0.0091631434880981,0.0209061516880358,0.0257352964456608,1,2532
42,0.7758484279999999,0.5475434899999998,-0.3056951175,0.0053012906395009,0.0077162671491512,0.0070082228147102,1,2532
43,0.7782010879999999,0.5449680339999998,-0.2982874398,0.0022068781153512,0.0080872279175717,0.0065921807937736,1,2532
44,0.7782010879999999,0.5440022379999998,-0.2913628832,0.0022068781153512,0.0080091828789988,0.007768678590031,1,2532
45,0.7869843537999999,0.5390122919999998,-0.2825058828999999,0.0086856320832574,0.0065833466073004,0.0113743321570136,1,2532
46,0.7923170479999999,0.5467386569999999,-0.2623763325999999,0.0042765073173856,0.0088608789641333,0.0089588166201327,1,2532
47,0.7929444240000001,0.5523724699999999,-0.2543245177999999,0.003088985889786,0.0035258461623711,0.003843666851094,1,2532
48,0.793414956,0.5501189459999999,-0.2533582999999999,0.00156844,0.006346523092268,5.579080615598709e-17,1,2532
49,0.7935718,0.5478654219999999,-0.2533582999999999,0.0,0.0076069563809537,5.579080615598709e-17,1,2532
50,0.8015708741999998,0.5406219479999997,-0.2490103135,0.0132815955155693,0.0167468305951159,0.0099388197699279,1,2532
51,0.8106678595999998,0.5299981959999998,-0.2412805625,0.0045112133913311,0.0080303949722593,0.0070082141108274,1,2532
52,0.8100404819999997,0.5309639919999998,-0.2399922705,0.0034355654351192,0.0078524322446683,0.0060795331727684,1,2532
53,0.8127068367999999,0.5258130799999998,-0.2383819055000001,0.0065299530937333,0.0074135496771626,0.0041294976178774,1,2532
54,0.8174121692999999,0.5251692159999998,-0.2351611785,0.0093204586814438,0.0070960895670488,0.0063327721299739,1,2532
55,0.8257249264999997,0.5180867119999999,-0.2208289426,0.0078422286363662,0.0098085386117627,0.0109722696548395,1,2532
56,0.8323123967999999,0.5105213139999999,-0.2159978505,0.0202430049455709,0.0092580977518511,0.0140872581906659,1,2532
57,0.8218038150999999,0.5150283589999998,-0.2464337306999999,0.0109212496280266,0.0084542920003086,0.0184896351401826,1,2532
58,0.8147458139999998,0.51695995,-0.2586724972999999,0.0075186889855518,0.0077162671491512,0.0085809759669566,1,2532
59,0.8186669239999997,0.5195354059999998,-0.2525531168999999,0.0077224844191035,0.0046297602894907,0.0053065321492564,1,2532
60,0.8225880339999998,0.5205012019999998,-0.240153307,0.0056286793945606,0.0027597074702968,0.0062179883552692,1,2532
61,0.8167847911999998,0.5232376239999997,-0.2391870886000001,0.007875419749285,0.0072421149405923,0.0065862283263319,1,2532
62,0.8221175014,0.523237624,-0.2240496694,0.0068275979827044,0.0099778462790882,0.0150753087875769,1,2532
63,0.8260386130999998,0.5232376239999997,-0.2031149381999999,0.0055754585626404,0.0075949050675884,0.0152308853942047,1,2532
64,0.8260386140999998,0.5232376239999997,-0.2013435357999999,0.0060046225344543,0.0056134492178191,0.0085197028037655,1,2532
65,0.8274502164999998,0.5232376239999998,-0.1902320320999999,0.0088387973148203,0.0082553795389151,0.0167697883894008,1,2532
66,0.8285481280999999,0.5213060319999998,-0.1886216675999999,0.0066337871258618,0.0022648768375942,0.002265864588759,1,2532
67,0.8352924497999998,0.5184086439999999,-0.1794426008,0.0077929661645936,0.0093551270312795,0.0143113905440055,1,2532
68,0.8351356055,0.5206621679999998,-0.1791205318,0.0075187033667264,0.0039494778686972,0.0078941093428137,1,2532
69,0.8316850220999998,0.5209840999999998,-0.1791205317999999,0.0078041194159121,1.1158161231197418e-16,0.0078941093428137,1,2532
70,0.8371745865999998,0.5209840999999998,-0.1754166992,0.0065299655837293,1.1158161231197418e-16,0.0059334262814332,1,2532
71,0.8232154320999999,0.5198573486999999,-0.2282366284999999,0.0556829161341748,0.0297647039743616,0.088657066511347,1,2532
72,0.7264424831999999,0.565088728,-0.3916885581999999,0.034970694492716,0.0913893344565756,0.0604753916464273,1,2532
73,0.7840043436999999,0.5704006073,-0.18588404977,0.0675034529373296,0.1233169904531368,0.081943359788277,1,2532
74,0.7551449866999999,0.5741028147999999,-0.29651605339,0.0947218000827266,0.1059482548868846,0.1169091418892616,1,2532
75,0.7145223115000001,0.5750686027,-0.4032831775000002,0.0335076233346902,0.0252205538224155,0.0346138353125876,1,2532
76,0.7571839759999999,0.5480263879999999,-0.3667279155,0.007353280657537,0.0075465073644349,0.0050769589273346,1,2532
77,0.7629872199999997,0.5403000199999997,-0.3511074006999999,0.0034355566734026,0.0064710766788405,0.0080126816842307,1,2532
78,0.7626735319999998,0.5377245639999997,-0.3477256390000001,0.0026890371784801,0.0031701671899166,0.0056159078001896,1,2532
79,0.767222008,0.5396561559999997,-0.3411231438000001,0.0076837553843417,0.0071328761773125,0.0128207465938452,1,2532
80,0.7763189662999997,0.532734619,-0.3372582648999999,0.0198769412537244,0.0188461319226411,0.0329545846170485,1,2532
81,0.7993750564,0.517603814,-0.3143910944999999,0.0110692687195595,0.0110423856325699,0.0162324471892583,1,2532
82,0.8059625233999997,0.50231206,-0.3229260311999999,0.0064205933804144,0.0059308028964351,0.0078891363899781,1,2532
83,0.8084720369999998,0.50456557,-0.3174507961999999,0.0034355698159774,0.0022648627670647,0.0032207319393957,1,2532
84,0.8086288815999998,0.504887501,-0.3129417689999998,0.0030889977065691,0.0022878639939134,0.0074168058801009,1,2532
85,0.8047077665999999,0.5068190920000001,-0.3113314019999999,0.0071528669524262,0.0052571275458244,0.0079288990021565,1,2532
86,0.807687812,0.506819094,-0.3029574982,0.0084888871967631,0.0061730078193651,0.0096241604355216,1,2532
87,0.8202353671,0.4994146955999998,-0.2947446516,0.0169044227685216,0.0157214732146718,0.0348822117303565,1,2532
88,0.8389110317000004,0.4593240681999998,-0.2829903970999999,0.0264622648121222,0.0222848352290645,0.0413708114299388,1,2532
89,0.8530823436,0.4765147388000001,-0.2100675597199999,0.0244795861998413,0.0249969722123209,0.0591882427468534,1,2532
90,0.8632464615,0.4670280025999999,-0.16753039187,0.0384995993109053,0.0244360100059581,0.0408171934084821,1,2532
91,0.8607012207999999,0.4599781180000001,-0.2301690571,0.0762234026398687,0.0350943373777472,0.0787691139105293,1,2532
92,0.8362335121,0.4739821311000001,-0.2884642319,0.0285557904557349,0.0327316817922546,0.0433304641181135,1,2532
93,0.8563095859999998,0.4506421128999999,-0.2256600402299999,0.0257094040191049,0.0234051174290251,0.0868288198707366,1,2532
94,0.8432915049,0.4899177406999999,-0.2253379652999999,0.0222990185001805,0.0319692035687795,0.0594498898517969,1,2532
95,0.8672886855999999,0.440501279,-0.2205068718999999,0.031329236707427,0.0519199645449089,0.0282116736641074,1,2532
96,0.8003161442999999,0.4875032558999999,-0.335164783,0.0327071615909251,0.0257504402084391,0.1131934358488655,1,2532
97,0.8172302537,0.5334192072999999,-0.21826891354,0.0225049473463941,0.0397780328613407,0.040118464555055,1,2532
98,0.6240047286539999,-0.11881997241,0.034718402545,0.3665153932243737,0.616474972055685,0.1998214826119609,1,2532
99,0.8699550358999997,0.6613462197000003,-0.34305556226,0.4902947028580379,0.3377226588444155,0.3589681355977907,1,2532
100,0.7516944164999999,0.5370806989999997,-0.3865353905000001,0.0115955216960836,0.0109722413818101,0.0232131508023858,1,2532
101,0.7684767522,0.5367587682999998,-0.3472425139999999,0.0199393500571261,0.0094275695383791,0.0543121291605683,1,2532
102,0.7989045432999998,0.5425535354999996,-0.2448233688,0.0248463097618134,0.0170011843608313,0.0600127579497686,1,2532
103,0.8009095100999999,0.5500068299,-0.2113432257299999,0.0329132934401222,0.0514814309389937,0.0531333969319214,1,2532
104,0.7947362351000001,0.5581243871000003,-0.2330957639,0.0149245795535796,0.0329071392686993,0.0161231466159535,1,2532
105,0.8132438565000001,0.5365549680000002,-0.2097454856,0.0089505204863978,0.0045642885106288,0.0183531263349745,1,2532
106,0.8168512700000001,0.5346233760000003,-0.205880612,0.0084756819456929,0.0060617791360262,0.0100749363100084,1,2532
107,0.8375547565000002,0.5138587786,-0.1720629751,0.0095352764378074,0.0114975338305988,0.0143625521697323,1,2532
108,0.8463380505000001,0.5043617987999999,-0.1604683572,0.0075186841918269,0.0022648712093824,0.0068110761607828,1,2532
109,0.8499454694000002,0.5042008331999999,-0.1569255564,0.0077801825107714,0.0027597006124325,0.0042790271675172,1,2532
110,0.8518276010000001,0.5030740739999999,-0.1538658648,0.0072237181120844,0.0048532954486766,0.00621798449404,1,2532
111,0.8568466186000001,0.4916455164,-0.14339849874,0.0044474152084764,0.0063465073211782,0.0064961229777213,1,2532
112,0.8566897743000002,0.4895529635,-0.14114398914,0.001568443,0.0044715922232996,0.0035863051177699,1,2532
113,0.8565329300000001,0.4911626196,-0.1408219164,1.1158161231197418e-16,0.0059308250036121,0.001610364,1,2532
114,0.8570034629,0.4889091012,-0.14017777062,0.0026890423218784,0.0022648712093824,0.0027609154830967,1,2532
115,0.8565329300000001,0.4913235851999999,-0.13953362466,1.1158161231197418e-16,0.0060768565193268,0.005246962288833,1,2532
116,0.8570034629,0.4889091012,-0.13985569764,0.0026890423218784,0.0022648712093824,0.0042049271783218,1,2532
117,0.8568466186000001,0.48858717,-0.1382453331,0.00220688233651,5.579080615598709e-17,0.005779119969696,1,2532
118,0.8562192407000001,0.4927722752999999,-0.1427543524799999,0.0066804316179436,0.0087479083054805,0.0111322506539901,1,2532
119,0.8750405551,0.4551063011999999,-0.1503230615949999,0.0273376519347996,0.0313429352380581,0.0659020140220085,1,2532
120,0.8682962517999999,0.4839191595000002,-0.062397191315,0.0192255890452602,0.02680760861384,0.0303670352314812,1,2532
121,0.8849217416000001,0.4493115369,-0.058854389965,0.0256799062586009,0.0259165892007187,0.0491803845044798,1,2532
122,0.8858628121000003,0.4549453363,-0.019561514155,0.0152270246904374,0.0246511659866237,0.0485801835345255,1,2532
123,0.8654730453,0.4874604079000001,-0.094926543415,0.0345543319450226,0.0430006435736498,0.0705744883760737,1,2532
124,0.8783342845000003,0.4562330624,-0.111996398655,0.0199262635180585,0.0265328415439617,0.0577040815642738,1,2532
125,0.8777069115000004,0.4568769239000001,-0.11119121788,0.0164386338067806,0.0369938222458011,0.0519959383718521,1,2532
126,0.8875881032999997,0.4470580109000001,-0.082526738625,0.0147840617256211,0.0129784770170518,0.0348551612336265,1,2532
127,0.8602971775,0.37848662305,0.0625670374599999,0.2977841692781475,0.3044386947011966,0.2882140882364799,1,2532
128,0.9484436696,-0.2555573251399999,0.05290485584,0.225555262633605,0.0873250711897603,0.1206385068971599,1,2532
129,0.7704253644800002,0.20850682709,0.190429941145,0.82625284302215,0.6011389716717696,0.8154755445607124,1,2532
130,0.7809339388000001,0.5209412767,0.3007398406,0.0232081616947223,0.0186563038032998,0.0350948279019849,1,2532
131,0.7919130357,0.5452471157,0.1967103417100001,0.0410624881019167,0.0461265012894188,0.110611353257155,1,2532
132,0.8265756301,0.5202974156,0.150976012,0.0133933806317844,0.0237161550964071,0.0439019003112767,1,2532
133,0.50896585884,-0.19004425892,-0.06255823396,0.4816434855634704,0.7006019596263838,0.4762688669337404,1,2532
134,0.4016843481800001,-0.3057786135299999,-0.4173213803000001,0.8969666301200394,0.6322895114993955,0.473676848384537,1,2532
135,0.8725310500999999,0.4708809377,0.0500062019399999,0.0235904638099764,0.0193456722463197,0.0312764047279118,1,2532
136,0.8744131816,0.4625107203999999,0.0649825873,0.0054697145639408,0.0078524224880337,0.0075411314514724,1,2532
137,0.8607677261000001,0.4805388843000001,0.11522593768,0.0076756810485279,0.0101029447075173,0.0127222941501031,1,2532
138,0.8647960368000003,0.4733585693999999,0.1119917475999999,0.0078763928172512,0.0038336726716815,0.0074878696297626,1,2532
139,0.8692435118999998,0.4699273347,0.1132730262999999,0.006675896645095,0.0070201430987785,0.0071880641895427,1,2532
140,0.8693941626,0.4700761130000001,0.1168363031999999,0.0060561179048871,0.0057765841922884,0.0048527305838877,1,2532
141,0.8996651013999997,0.5054885773100001,0.2685325687,0.0974118387237513,0.1445413417919764,0.1310485363297348,1,2532
142,0.3213800405800001,-0.7514926705200001,-0.124557226135,0.4923411292887854,0.2834825059835247,0.512466999069697,1,2532
143,0.8187334359400001,0.5027521630599999,-0.0458104367499999,0.8752820749628657,0.5105598744137373,0.6129172769491082,1,2532
144,0.6079346443,0.5935368450000001,0.457267208625,0.0920880887499305,0.0384525105599148,0.1748352463424713,1,2532
145,0.5826827148,0.5882249752,0.5245804119999999,0.0251643226750256,0.0214248706385322,0.0164567921209936,1,2532
146,0.619541117,0.5730941904999999,0.5039677764999998,0.0058537297479799,0.0089709516480174,0.0062495026293987,1,2532
147,0.6016608695,0.03482483977,0.4269923772450001,0.2405708312324927,0.7274039049080598,0.2847725549945554,1,2532
148,0.28799403266,-0.9085973177,0.285741025585,0.3247261686342096,0.1548428972888127,0.1614829429371589,1,2532
149,0.3754009984700001,-0.8043323062000001,0.20602240455,0.4306434263579219,0.2166804027048313,0.528890081142302,1,2532
150,0.66814450276,-0.21705191784,-0.3464827642499998,0.91893710805185,0.7826876171654926,0.7665902881020327,1,2532
151,0.864883632,0.4772849285,-0.1239178620399999,0.0549360740578172,0.0955949968135351,0.1536671546389904,1,2532
152,0.9028684928,0.2364720180439999,0.06946354779,0.2661159639947023,0.1998105077974148,0.3600109941560885,1,2532
153,0.8443655569999998,0.4969145335,0.11084990847,0.0286613170459351,0.0387221063420937,0.0554445769328313,1,2532
154,0.8264852930000001,0.547618742,0.0024724213999999,0.0350541022851979,0.0554249726058343,0.0830609672742691,1,2532
155,0.8520871755000003,0.5070044736999999,0.064486574975,0.0149834467703943,0.0330058037788426,0.0276193792725457,1,2532
156,0.8731584265000001,0.4686274184000001,0.033902564025,0.015892178907511,0.0241171980789331,0.0225102096418434,1,2532
157,0.8326925704999999,0.4554282326,0.2509796036799999,0.0439390473515707,0.0233115540037188,0.1105285563248983,1,2532
158,0.7737190960999999,0.4589694777999999,0.3967175299,0.0327697678241518,0.0304999305849813,0.0542928351267249,1,2532
159,0.7735622542,0.4715248008,0.3886657062999999,0.0336094303239052,0.0291933949913402,0.0411140827082168,1,2532
160,0.7745033210999999,0.4621887976000001,0.395590272,0.0200456201222655,0.0495744424243268,0.0202794532048417,1,2532
161,0.8157533798,0.4076214187,0.370790668,0.0408635309209082,0.0533350349295798,0.0620583937296078,1,2532
162,0.8347963111000002,-0.1712703935799999,0.177538882275,0.3709429533905226,0.4605513963945608,0.4998053346976343,1,2532
163,0.31390015132,-0.5319620079700002,0.5989534128999999,0.4233291469219342,0.2671489782396705,0.2623158988647777,1,2532
164,0.6807104094,-0.44742844398,-0.38688550701,0.2978607191765197,0.246212914584469,0.3394504846663927,1,2532
165,0.15983036639,0.4600962501400001,0.867426900565,1.1106021841867677,0.4883932028459403,0.6171894597497891,1,2532
166,0.26272025896,0.32230959506,0.9067197836000004,0.1601370933494232,0.2819006482312323,0.1814560164890009,1,2532
167,0.7892466879,-0.27181486203,-0.4709465015499999,0.2804148181612303,0.1566833168602874,0.3429146176775654,1,2532
168,0.7372279753999998,-0.3967731751000001,-0.6253871206,0.1944103704740258,0.0671058337917589,0.2614905675250967,1,2532
169,0.7270392957,-0.3689139291999999,-0.6589031628999998,0.1980728736508794,0.0394852972161697,0.2773524846016014,1,2532
170,0.6639280698000001,-0.22272031838,-0.4302042895399999,0.2938019169961334,0.3522475463846191,0.7589705367996722,1,2532
171,0.8345746947799998,0.3866958801699999,0.420872992155,0.2510202261517524,0.1560294323891507,0.2086724856216166,1,2532
172,0.9017040762,0.3176415892,0.2524289298,0.0151657031444283,0.0113888904780022,0.0202270699475428,1,2532
173,0.9078210067,0.2065752404999999,-0.29702720753,0.1294495760049407,0.1044300394924959,0.2849924882212286,1,2532
174,0.8479064706,0.38009628979,-0.3955814752,0.2527601326072551,0.3664061890530443,0.1371042596384253,1,2532
175,0.7434481677000001,0.5315650324000001,-0.4128123665,0.0109881479969366,0.0583318725257057,0.0822243448158213,1,2532
176,0.7949551061,0.557763662,-0.21991826,0.0171079562298194,0.0303337506082982,0.023750589450739,1,2532
177,0.8041982597,0.5540533714000001,-0.19445347818,0.0074764976430374,0.0069731008879225,0.0201134818925175,1,2532
178,0.804774271,0.5539392924000002,-0.1944470276,0.0072237181120844,0.0038419745868049,0.0076668661666013,1,2532
179,0.8081483998,0.5533830138000002,-0.1806079974,0.0050558496940576,0.0027743803958692,0.0103563704962383,1,2532
180,0.8098262745000002,0.5526392701,-0.1730530301,0.0015512183775221,0.0016144027203688,0.0036181271313042,1,2532
181,0.8094795996999997,0.5532954308000001,-0.1690032863999999,0.0022292856757467,0.0022648683952765,0.0069122410197473,1,2532
182,0.7961478319999999,0.5858104938000002,-0.14645818786,0.0174647297714121,0.0393566380960123,0.0288179779997549,1,2532
183,0.8417895563000002,0.4420680832000001,-0.2942895834000001,0.0197917726971255,0.0320215581315104,0.0189327181121837,1,2532
184,0.8398667221999997,0.4250607015999999,-0.3414878316,0.005074376557596,0.0064044653970038,0.0162656973851848,1,2532
185,0.8362096521999999,0.4165926457,-0.3461713461999999,0.0110782571347798,0.0256220684368039,0.0366305248748684,1,2532
186,0.8019952443,0.5263916465,-0.2964083004599999,0.0536253758739737,0.0404875750321398,0.1344976134216609,1,2532
187,0.8276735534999997,0.4390097292,-0.3363200826,0.0363394614678971,0.0101494611948461,0.0757535200834587,1,2532
188,0.8662572760999998,0.4361123476000001,-0.2372827063,0.0113189908968536,0.0093270836548823,0.0301922864177151,1,2532
189,0.8778637583999999,0.4388487609000001,-0.1839796653,0.0075664585493587,0.0056482921899226,0.0149558066197338,1,2532
190,0.8859677765999998,0.4392358658999999,-0.1680502483,0.0052965388980688,0.0038362618813215,0.0074162496112205,1,2532
191,0.8876545679999999,0.4375181888,-0.1666157843,0.0026890371784801,0.0059308286881416,0.007894114244885,1,2532
192,0.8876545679999999,0.435264669,-0.1604964048999999,0.0026890371784801,0.007413535860177,0.0068110719312569,1,2532
193,0.9972887668,0.48773949082,-0.05566171878,0.3192860714349235,0.237992275007526,0.1810102300446895,1,2532
194,0.6936381488,-0.583648306896,0.00456588925,0.3205604943646588,0.2776437749198602,0.4129683660768706,1,2532
195,0.4925637120099999,-0.7141915050000001,0.26802140556,0.4189673153591857,0.1808615727299524,0.387899763280668,1,2532
196,0.31225577161,-0.6980093241,0.23759730764,0.3776877934241695,0.2714439955602585,0.5253204581833882,1,2532
197,0.7227446836999998,-0.53579862007,-0.2152207152399999,0.3764623874599956,0.2678907562222904,0.4937794079839277,1,2532
198,0.7056486529400001,-0.32976251829,-0.7612950752000001,0.3510954055892059,0.1317406192366958,0.290546211008416,1,2532
199,0.76688444386,-0.5860627924600001,-0.31106541973,0.5415558057058256,0.2191864391184418,0.3024272333597027,1,2532
200,0.7408482902999998,-0.40175704164,-0.65825986288,0.3916694816781689,0.2498021873409845,0.4414379178778332,1,2532
201,0.6367036543400001,0.29667318872,-0.3476206885399999,0.7073748282102824,0.4750456858912801,0.5928326271321833,1,2532
202,0.806566065,0.5068944160000001,-0.26484797908,0.1136062482821217,0.1334902326813447,0.2108906070392004,1,2532
203,0.7628064991,0.5770754623,-0.19866202066,0.1587574983708317,0.1907386225975831,0.1414107701134938,1,2532
204,0.6304298837,0.4360694999899999,0.3908921642499999,0.2636057299951317,0.1775180623523112,0.4536038195013501,1,2532
205,0.4880152278,0.3747415601999999,0.7512915732,0.1284792602571237,0.0481442467648813,0.0962930970229298,1,2532
206,0.7080678283,0.3575182321,-0.0712822608799999,0.2058380502667513,0.1026906981208782,0.5898528534085404,1,2532
207,0.6381152493000001,0.4705161619999999,-0.54794994525,0.1012749849222034,0.1153705595022451,0.2774853898459108,1,2532
208,0.7474357608999997,0.5815825091,-0.3107433433,0.02752561275396,0.0227978807320981,0.0792994069617432,1,2532
209,0.7742561342,0.5651640131000001,-0.2730608289,0.0158608778715851,0.0167897364914393,0.0333720291806526,1,2532
210,0.7842941679999998,0.5432726715,-0.2857827022999999,0.0127635148557903,0.0094594447083978,0.0277033850698778,1,2532
211,0.6987676107999999,0.3750880045,-0.5910821634,0.07561753870112,0.0903085698980189,0.1804022832935957,1,2532
212,0.6796119920999999,0.3203962996,-0.6793472281999999,0.0153413950482912,0.0089819778917127,0.0210219108209903,1,2532
213,0.7226543724,0.3055263083,-0.6445718090999998,0.0161334698076501,0.0145634923950437,0.0223437639121842,1,2532
214,0.7985670064999999,0.4354256338,-0.4149338877000001,0.0448244984223948,0.0743572625388314,0.0815511543048053,1,2532
215,0.7341039904999999,0.3378804151,-0.6027023341999999,0.0583196423083637,0.040500740761326,0.0905680480486111,1,2532
216,0.7883721243999997,0.5123672457,-0.3231431444900001,0.0739545996016551,0.03845353272268,0.1191984635491078,1,2532
217,0.7874310515999998,0.4854859692000001,-0.3882018412,0.0148176281996674,0.0145383034974973,0.0254523127952761,1,2532
218,0.8249168430999998,0.451039309,-0.34311165856,0.077110661430696,0.0590376111785606,0.0839817851075206,1,2532
219,0.8751070415,0.3975986915999999,-0.2574402988,0.0338862813101253,0.0511848543826971,0.0389360535444374,1,2532
220,0.8622458118999999,0.4750231995,-0.11170237493,0.0685800627421851,0.0582869760208207,0.225857222049616,1,2532
221,0.6042368789,0.2742989629199999,0.6318025850700001,0.2036415544134739,0.1479261223486311,0.2616977467014788,1,2532
222,0.8678922022000001,0.3768341180999999,0.26786038098,0.0330878561768931,0.0873070858156281,0.0770998133820156,1,2532
223,0.7025782786000002,0.087417762254,0.6305142938999999,0.1784413412900142,0.3255377943938224,0.2042732134482093,1,2532
224,-0.0381975145,0.2879810397,0.9203797827999998,0.0896667311913725,0.0205112165857646,0.0551183376437842,1,2532
225,-0.10909114909,0.2868542822,0.9252108678,0.0837743837575472,0.0207780682539611,0.0444238692335491,1,2532
226,0.4903678900000001,-0.4590608473359999,0.29942350936,0.3423937118563265,0.6816923292747151,0.3010197115924213,1,2532
227,0.7309670859499999,-0.1617571594239999,-0.4271726584800001,0.688420587481338,0.3627831103122156,0.5463900737142223,1,2532
228,0.49742588358,-0.6518977640400001,-0.1801428467899999,0.4004232120315383,0.3244960175343812,0.3477079545169017,1,2532
229,0.82899480383,0.1891480935,-0.25921170999,0.7216074221404145,0.4072473671968055,0.3082891591127445,1,2532
230,0.8164472505,0.4872565976,-0.2981825034,0.0252466342613316,0.0732208628547338,0.042302657629429,1,2532
231,0.8140945759,0.5019044655,-0.2920631227,0.0171351012950793,0.01811898234213,0.0361902372489555,1,2532
232,0.8561288883000002,0.4576389008,-0.2413366606999999,0.0146048230034442,0.0125509940920292,0.0206474744996522,1,2532
233,0.8736954517,0.4341379090999999,-0.2295810028,0.0048226787390617,0.00813882701294,0.0092918043677182,1,2532
234,0.8887524784999999,0.4072566361999999,-0.20912938,0.0038094113707207,0.0064386304242426,0.007008209758886,1,2532
235,0.8936146574999998,0.3969548256000001,-0.2060696884,0.0075186937792766,0.0075464979879114,0.0044735586475647,1,2532
236,0.8983199925000003,0.3921258516,-0.2044593244,0.0075186937792766,0.0022648740234883,0.003171553692471,1,2532
237,0.9014568825,0.3887455736,-0.2023658512,0.0056286829832634,0.0063465073211782,0.0064961228019403,1,2532
238,0.9044369285,0.3816630867999999,-0.1997892699,0.010672685158262,0.0115882174972692,0.0157008906893083,1,2532
239,0.913533907,0.3655665264,-0.17289620038,0.0108710712617121,0.0087583739814712,0.0213491692083294,1,2532
240,0.9401974451,0.3848824077,-0.01508054881,0.1842487593625188,0.1404059894005897,0.2836723480623632,1,2532
241,0.6233718854999999,-0.08046947805,0.6530593847,0.1533886448591609,0.405664185691413,0.1576714272120045,1,2532
242,-0.0066717992299999,-0.8817568097999998,0.3741443818,0.287114456972562,0.1066813562342002,0.1464243599942741,1,2532
243,0.01120845683,-0.7207910885999997,0.3699574361999999,0.5032274303501386,0.2853721466100025,0.2440552492466461,1,2532
244,0.6652493235,0.033172319556,0.6472620724000001,0.0949555113124197,0.2324306285037312,0.150183017393724,1,2532
245,0.7744129781000001,0.4460493704,-0.4959352118999999,0.2989854819758689,0.1982757857070695,0.4767550690801685,1,2532
246,0.8178588533,0.4310795587,-0.3735475352999999,0.0348568370422149,0.01716967326894,0.0898340565795116,1,2532
247,0.8711859456000001,0.4276992810999999,-0.2492274460999999,0.0042765154971833,0.0068080858860091,0.0122449275264065,1,2532
248,0.8724406997000002,0.430435698,-0.2363445315999999,0.0022292856757467,0.0079254032038128,0.0038436692379265,1,2532
249,0.8747933600000001,0.4236751385999999,-0.2352172767999999,0.0056286650397494,0.0022648726164353,0.0054429927822481,1,2532
250,0.876204956,0.4238361042999999,-0.2321575851999999,0.0067322886658001,0.0016096569999999,0.0075498079006876,1,2532
251,0.875263892,0.4241580356999999,-0.2263602747999999,0.0060561063211995,0.001609657,0.0075498079006876,1,2532
252,0.8816944959999999,0.4180413390999999,-0.2261992384,0.0077529725529536,0.0078106446907182,0.0074853454557021,1,2532
253,0.9005158113999999,0.4173974756,-0.2175032739,0.040942209458567,0.0200883296694732,0.0188543824699347,1,2532
254,0.5745932967999999,0.08274975754,0.6585346299799998,0.331763447203306,0.3957150246522507,0.2854825141671527,1,2532
255,0.08947377277,0.2929709782999999,0.9194135558,0.0860713176184836,0.0274563134044852,0.0355368972154151,1,2532
256,0.52675578213,-0.45568055326,0.29072753942,0.3403293183955512,0.5600340290504949,0.3119110753208657,1,2532
257,0.7058720058600002,-0.2074714289359999,-0.1699975509,0.7800591051588386,0.6335320520864901,0.2485337207824065,1,2532
258,0.8558151997,0.3625081751999999,-0.3646905292000001,0.0152539445306779,0.0203838541317985,0.0451491139122322,1,2532
259,0.8721270071999999,0.3905161974,-0.3059122514999999,0.0086282287708915,0.0087658436346255,0.0279973080081653,1,2532
260,0.8862429729999998,0.3837556399999999,-0.2643648674,0.0060149387985098,0.0080888257477944,0.0146344606980656,1,2532
261,0.8884387899999999,0.3860091584,-0.2540585406,0.0038483481335201,0.0077652727178826,0.0120942542187065,1,2532
262,0.8881251004999998,0.3908381264,-0.248583305,0.0022292870970866,0.00384197936047,0.0074167966687772,1,2532
263,0.8893798564999998,0.3808582592,-0.2521261018,0.0048226912748859,0.007546488611388,0.0132833445196392,1,2532
264,0.8920412513000001,0.3758907132,-0.2527893194,0.0071109127145948,0.006882486752492,0.0129286953560903,1,2532
265,0.8990657479000003,0.3805892849,-0.2289517274,0.0072788712485004,0.0075331961743955,0.0145732122447819,1,2532
266,0.9037107757000002,0.3722740959999999,-0.218959896,0.0047293787639258,0.0066126931507728,0.0166632745775261,1,2532
267,0.9167261079,0.3636022977,-0.1661593266199999,0.0143926273354978,0.0081183058720676,0.0385181944785708,1,2532
268,0.912749685,0.3755463912,-0.1485797089,0.0097822397331538,0.0179411645737884,0.0323286375336824,1,2532
269,0.9149762469,0.3716729995,-0.1482811984599999,0.0096117272578038,0.0076462999079186,0.0489515289467715,1,2532
270,0.9228703445000002,0.3679056064,-0.08804040533,0.0199626206219491,0.010313260069193,0.0385681072515496,1,2532
271,0.9325120787,0.336753656,-0.05260202217,0.0256179150148554,0.0296700280037027,0.1037708536872541,1,2532
272,0.6522781449,-0.4803511233199999,0.06269413713,0.4459866842036959,0.529615889251426,0.1449320905386425,1,2532
273,0.407150055887,-0.3172928791600001,0.3005227124999999,1.0101945173471956,0.978795175332316,0.6037243027619182,1,2532
274,0.50878517844,0.2153426658999999,0.800540686,0.2550660537982032,0.0467965331309563,0.1144521596554444,1,2532
275,0.4902775453999999,0.2156645953099999,0.8174495198000001,0.0633988601865517,0.0551587165737851,0.0637811242937336,1,2532
276,0.4067068230899999,-0.2331505810999999,0.4847646163599999,0.3524288293069081,0.6232191017470752,0.5952965328333903,1,2532
277,0.4496710010870001,-0.10002173278,-0.0447216163599999,0.9697681200916314,0.8176120352619368,0.8200787163400138,1,2532
278,0.8850547311000001,0.4120427898999999,0.1505978365499999,0.030833155559922,0.0304256221030815,0.0808945249468904,1,2532
279,0.8165137536,0.3964291061,0.3860330391000001,0.0438087846439001,0.0281602858704412,0.0901506003755545,1,2532
280,0.5285475761999999,-0.2495263217199999,0.2119527152499999,0.4887270203534177,0.6569368470846888,0.5103336753914611,1,2532
281,1.0084912186,0.3994874538099999,-0.13379240654,0.792326893100574,0.1722673473090574,0.4231148152135295,1,2532
282,0.8987001855,0.38725405935,-0.24184781491,0.4196407441665427,0.2970604343577927,0.2450918618914046,1,2532
283,0.6777065229,-0.01773567876,-0.3743807575399999,0.6533003523753926,0.5422160637978105,0.4294089637443947,1,2532
284,0.809298916,0.3455639432000001,-0.4830803226,0.0345302408824934,0.0123247910312957,0.0709409954606158,1,2532
285,0.780125860547,0.26991005167,-0.4286500206899999,0.449402050824944,0.4034588509864837,0.3364507139302025,1,2532
286,0.3111613185340001,-0.5289627914,-0.6937158986999999,0.9089784747292644,0.2874046924684502,0.7861606076423866,1,2532
287,0.3194740762040001,-0.0056632587499999,0.6209851253800001,0.4632086413593311,0.5672290290990564,0.4780208271566984,1,2532
288,0.070248427789,0.311117277,0.9139103078,0.2234378577713026,0.0872394651684487,0.089456384924564,1,2532
289,0.8169843006999998,-0.25886233078,-0.29354050008,0.1911785495740906,0.3406010669087557,0.3922159757819241,1,2532
290,0.8692134585000002,0.18556400979,-0.5022436514999998,0.2210435792420142,0.2331380259249288,0.1808262746452919,1,2532
291,0.9562620714000002,0.1387229806499999,-0.282428984,0.0829060160039383,0.0243520862851392,0.0743795178169988,1,2532
292,0.9614379370000004,0.1429080889999999,-0.2656811932,0.0074672918077372,0.00804829,0.0086007930834873,1,2532
293,0.9641042935000002,0.1377571839999999,-0.2684188102,0.0059212746223141,0.0078773784039787,0.0080126836391888,1,2532
294,0.9742991859999997,0.1266505523999999,-0.2273545504999999,0.0084830294661304,0.0080628999575538,0.0192564685147806,1,2532
295,0.9810434979999996,0.1203728930999999,-0.2054536046999999,0.0070830389827501,0.0083671490083902,0.0177265642449219,1,2532
296,0.9866876523999996,0.1179604461999999,-0.1478023053,0.0082990934756164,0.0097066176571116,0.0086617340959286,1,2532
297,0.9844275588,0.1186451267999999,-0.146325204,0.0054697075892391,0.0027597006124325,0.0077196419314487,1,2532
298,0.9853904639999996,0.1179991738499999,-0.1445762456,0.0062063581575365,0.0023037634010285,0.0069127818469934,1,2532
299,0.9879446399999998,0.1163487524999999,-0.1424883815,0.0075186698106523,0.0048532999713468,0.0050640510085747,1,2532
